text,label
"Scientists confirm climate change accelerating faster than predicted in new major study","real"
"Government announces major infrastructure bill worth 1.2 trillion dollars for roads and bridges","real"
"New vaccine shows 94 percent effectiveness in phase three clinical trials published in medical journal","real"
"Stock market reaches record high as technology sector leads gains in quarterly report","real"
"Central bank raises interest rates by quarter point to combat rising inflation","real"
"Local elections show voter turnout increase of 15 percent compared to previous cycle","real"
"University researchers develop new battery technology doubling electric vehicle range","real"
"World Health Organization declares end to regional health emergency after containment success","real"
"Parliament passes new data privacy legislation affecting major technology companies","real"
"National sports team wins championship title after decade long drought","real"
"Unemployment rate falls to lowest level in twenty years according to labor department report","real"
"City council approves new public transportation expansion connecting suburbs to downtown","real"
"Agricultural ministry reports record harvest due to favorable weather conditions this season","real"
"Technology giant announces layoffs affecting ten thousand employees amid restructuring","real"
"Supreme court upholds new environmental protection regulations in landmark ruling","real"
"International trade agreement signed between twelve nations boosting cross border commerce","real"
"New study finds regular exercise reduces risk of heart disease by thirty percent","real"
"Central government allocates funds for rural broadband internet connectivity project","real"
"Renewable energy surpasses coal for first time in national electricity generation","real"
"Education ministry launches new digital learning platform for rural schools","real"
"Government announces new education policy for primary and secondary schools nationwide","real"
"Scientists confirm global warming is accelerating beyond previous model predictions study says","real"
"Climate researchers warn temperatures rising faster than anticipated new data shows","real"
"Technology companies face new antitrust scrutiny from regulators over market dominance concerns","real"
"Regulators launch investigation into big technology firms for alleged monopolistic practices","real"
"Sports league announces expansion teams in three new cities for upcoming season","real"
"Health officials warn about rising cases of seasonal flu urging vaccination for vulnerable groups","real"
"Medical authorities recommend flu shots as infection rates climb during winter season","real"
"Parliament debates new budget proposal with focus on healthcare and education spending","real"
"Budget discussions in legislature center on increasing allocations for health and schools","real"
"Local tech startup raises fifty million dollars in series B funding round for expansion","real"
"Startup secures major investment to scale operations and enter new markets","real"
"New environmental report shows air quality improving in major urban centers over past decade","real"
"Urban air pollution declining according to latest annual environmental quality assessment","real"
"Central bank holds interest rates steady amid mixed economic signals from multiple sectors","real"
"Digital payments adoption increases sharply as consumers shift away from cash transactions","real"
"Cashless transactions surge as mobile payment platforms gain widespread consumer adoption","real"
"Scientists discover new species of deep sea fish in unexplored ocean trench expedition","real"
"Pharmaceutical company receives approval for new diabetes medication after successful trials","real"
"City announces construction of new hospital wing to address growing patient demand","real"
"Government extends unemployment benefits for workers displaced by factory automation","real"
"Space agency successfully launches satellite to monitor ocean temperatures and sea levels","real"
"International climate summit produces agreement to reduce carbon emissions by 2030","real"
"Researchers publish study linking air pollution to increased rates of childhood asthma","real"
"National airline reduces fares after fuel costs drop due to stable oil prices","real"
"Museum opens new exhibit featuring ancient artifacts discovered in archaeological dig","real"
"Solar panel installations increase by forty percent this year as costs continue to drop","real"
"Scientists develop new antibiotic effective against drug resistant bacterial infections","real"
"Government passes legislation requiring equal pay reporting for large companies","real"
"University study finds Mediterranean diet linked to reduced risk of dementia","real"
"Tech company releases open source artificial intelligence model for research community","real"
"Police department uses body camera footage to clear officer in misconduct investigation","real"
"New bridge construction project to ease traffic congestion in growing metropolitan area","real"
"Health ministry reports successful vaccination drive covering eighty percent of population","real"
"Farmers market expands to include more vendors following record attendance last season","real"
"Scientists detect gravitational waves from colliding neutron stars confirming theory","real"
"Court rules in favor of consumer group in landmark data breach class action lawsuit","real"
"Local government launches free mental health hotline accessible around the clock","real"
"Researchers find link between sleep deprivation and increased risk of type two diabetes","real"
"Central bank report shows inflation falling back toward two percent target","real"
"New study demonstrates benefits of early childhood bilingual education on brain development","real"
"SHOCKING: Government secretly adding mind control chemicals to tap water across all cities","fake"
"Doctors confirm that eating chocolate every day cures all types of cancer immediately","fake"
"Scientists discover that the moon landing was faked using Hollywood special effects studio","fake"
"Leaked documents prove that major world leaders are secretly reptilian aliens in disguise","fake"
"New miracle pill makes you lose 50 pounds in just one week with no side effects guaranteed","fake"
"Government orders hospitals to hide real death statistics from COVID vaccine complications","fake"
"Billionaires have discovered secret to immortality but are hiding it from public","fake"
"5G towers confirmed to spread disease and weaken human immune system permanently","fake"
"Scientists admit that evolution theory was completely fabricated and has no evidence","fake"
"Secret society controls all world elections and chooses presidents before voting begins","fake"
"Drinking bleach solution can cure coronavirus infection according to alternative health sources","fake"
"Microchips being inserted into citizens through vaccine needles for tracking purposes","fake"
"New law will allow government to seize private property without compensation starting next month","fake"
"Major bank collapses overnight as insider trading scandal revealed by whistleblower","fake"
"Alien spacecraft photographed over capital city in exclusive never seen before footage","fake"
"Scientists prove that flat earth model is correct and globe earth is government deception","fake"
"Famous celebrity confirms joining secret society and reveals shocking global conspiracy details","fake"
"Government planning to ban cash currency and force all citizens to use digital money chips","fake"
"New research proves that common household herbs can replace all prescription medications safely","fake"
"Military conducting secret weather modification experiments causing recent natural disasters","fake"
"EXCLUSIVE: Deep state operatives planning to overthrow elected government this weekend","fake"
"Shocking video proves that major hurricane was artificially created by globalist elites","fake"
"Ancient cure suppressed by pharmaceutical companies eliminates all viruses overnight","fake"
"Whistleblower reveals NASA has been hiding proof of intelligent alien life for decades","fake"
"Government fluoride in water supply linked to mass mind control program exposed by insider","fake"
"Celebrity doctor reveals that hospitals intentionally misdiagnose patients for profit","fake"
"Documents show that COVID virus was engineered in laboratory and released intentionally","fake"
"Oil companies paying scientists to fabricate climate change data for political agenda","fake"
"Underground city built by elite families for when they trigger global population collapse","fake"
"Crisis actors hired to stage school shooting to push government gun confiscation agenda","fake"
"New world order planning to eliminate ninety percent of global population through forced vaccines","fake"
"Chemtrails from aircraft spreading experimental drugs to make population docile and controllable","fake"
"Hollywood elites running child trafficking ring exposed but mainstream media refusing to report","fake"
"Secret cure for AIDS suppressed by pharmaceutical industry to maintain billion dollar treatment market","fake"
"Scientists reveal that sugar industry paid researchers to blame fat for heart disease","fake"
"Government inserting sterilization chemicals into school lunch programs without parental consent","fake"
"Antifa members arrested with weapons planning violence at upcoming political rally evidence shows","fake"
"URGENT WARNING: New variant of virus spreading through vaccinated people with zero immunity","fake"
"Researchers discover that smartphones emit radiation causing brain tumors proven in lab studies","fake"
"Exposed: Major media outlets coordinating news narratives on orders from globalist think tanks","fake"
"Miracle cure made from simple kitchen ingredients reverses diabetes in just three days","fake"
"Government deploying facial recognition drones to monitor all outdoor gatherings and protests","fake"
"Scientists warn that genetically modified foods are silently causing sterility in adults","fake"
"Classified government files confirm bigfoot is real and military has captured specimens","fake"
"New legislation will require citizens to surrender firearms or face imprisonment next year","fake"
"Banks planning massive currency devaluation to steal savings from ordinary citizens overnight","fake"
"Tech giants using smartphone microphones to listen to conversations and target users with ads","fake"
"BREAKING: Entire political party leadership arrested in midnight raid over treason charges","fake"
"Study proves that eating raw garlic daily eliminates cancer cells completely within months","fake"
"Government using satellites to beam harmful frequencies into homes through smart meter devices","fake"
"Bombshell revelation shows that major election results were changed by foreign hackers in real time","fake"
"Secret treaty signed by world leaders will eliminate national borders and sovereignty next year","fake"
"Scientists confirm that earth is only six thousand years old contradicting all previous research","fake"
"Shocking truth revealed vaccines contain mercury levels that cause permanent neurological damage","fake"
"Authorities covering up thousands of disappearances linked to experimental technology testing","fake"
"Global elites meeting in secret to finalize plan for digital currency replacing all cash","fake"
"Chemotherapy proven to spread cancer faster than disease itself according to suppressed study","fake"
"New evidence confirms that major historical events were staged to manipulate public emotions","fake"
